{"skeleton":{"hash":"L3nGuYqk/Qo","spine":"4.2.33","x":-129,"y":2,"width":259,"height":287,"images":"./images/","audio":"./audio"},"bones":[{"name":"root"},{"name":"starchallenge_giftbox_2_bottom","parent":"root","length":109.18,"rotation":90.9,"x":3.82,"y":15.39},{"name":"starchallenge_giftbox_2_cover","parent":"root","length":110.99,"rotation":92.64,"x":1.27,"y":160.37}],"slots":[{"name":"starchallenge_giftbox_2_bottom","bone":"starchallenge_giftbox_2_bottom","attachment":"starchallenge_giftbox_2_bottom"},{"name":"starchallenge_giftbox_2_cover","bone":"starchallenge_giftbox_2_cover","attachment":"starchallenge_giftbox_2_cover"}],"skins":[{"name":"default","attachments":{"starchallenge_giftbox_2_bottom":{"starchallenge_giftbox_2_bottom":{"x":89.16,"y":2.43,"rotation":-90.9,"width":232,"height":205}},"starchallenge_giftbox_2_cover":{"starchallenge_giftbox_2_cover":{"x":32.63,"y":-0.74,"rotation":-92.64,"width":259,"height":192}}}}],"events":{"coin":{}},"animations":{"animation":{"slots":{"starchallenge_giftbox_2_bottom":{"rgba":[{"time":0.6667,"color":"ffffffff"},{"time":0.8333,"color":"ffffff00"}]},"starchallenge_giftbox_2_cover":{"rgba":[{"time":0.6667,"color":"ffffffff"},{"time":0.8333,"color":"ffffff00"}]}},"bones":{"starchallenge_giftbox_2_bottom":{"translate":[{"curve":[0.067,0,0.133,-0.4,0.067,-10.65,0.133,-4.19]},{"time":0.2,"x":-0.4,"y":-4.19,"curve":[0.244,-0.4,0.289,0,0.244,-4.19,0.289,35.91]},{"time":0.3333,"y":35.91,"curve":[0.4,0,0.467,0,0.4,35.91,0.467,12.34]},{"time":0.5333}],"scale":[{"curve":[0.067,0.876,0.133,0.753,0.067,1,0.133,1]},{"time":0.2,"x":0.753,"curve":[0.244,0.753,0.289,0.887,0.244,1,0.289,0.922]},{"time":0.3333,"x":0.928,"y":0.922,"curve":[0.4,0.99,0.467,0.935,0.4,0.922,0.467,0.961]},{"time":0.5333}]},"starchallenge_giftbox_2_cover":{"translate":[{"curve":[0.078,0,0.156,0,0.078,-30.22,0.156,-64.71]},{"time":0.2333,"y":-64.71,"curve":[0.378,0,0.522,-26.5,0.378,-64.71,0.522,509.38]},{"time":0.6667,"x":-26.5,"y":509.38},{"time":1,"x":-20.72,"y":384.3}],"scale":[{"curve":[0.056,0.915,0.111,0.795,0.056,1,0.111,1]},{"time":0.1667,"x":0.795,"curve":[0.211,0.795,0.256,1,0.211,1,0.256,1]},{"time":0.3,"curve":[0.356,1,0.411,1,0.356,1,0.411,0.91]},{"time":0.4667,"y":0.91,"curve":[0.522,1,0.578,1,0.522,0.91,0.578,0.97]},{"time":0.6333}]}},"events":[{"time":0.6667,"name":"coin"}]},"daiji":{"bones":{"starchallenge_giftbox_2_cover":{"translate":[{"curve":[0.111,0,0.222,1.29,0.111,0,0.222,-27.92]},{"time":0.3333,"x":1.29,"y":-27.92,"curve":[0.444,1.29,0.556,0,0.444,-27.92,0.556,0]},{"time":0.6667}],"scale":[{"curve":[0.111,1,0.222,0.8,0.111,1,0.222,1.1]},{"time":0.3333,"x":0.8,"y":1.1,"curve":[0.444,0.8,0.556,1,0.444,1.1,0.556,1]},{"time":0.6667}]},"starchallenge_giftbox_2_bottom":{"scale":[{"curve":[0.111,1,0.222,0.8,0.111,1,0.222,1.1]},{"time":0.3333,"x":0.8,"y":1.1,"curve":[0.444,0.8,0.556,1,0.444,1.1,0.556,1]},{"time":0.6667}]}}}}}