{"skeleton":{"hash":"zDxFl4s0ACg","spine":"4.2.33","x":-133,"y":1,"width":267,"height":298,"images":"./images/","audio":"./audio"},"bones":[{"name":"root"},{"name":"starchallenge_giftbox_1_bottom","parent":"root","length":118.19,"rotation":91,"x":-7.01,"y":15.15},{"name":"starchallenge_giftbox_1_cover","parent":"root","length":124.35,"rotation":90.95,"x":-1.87,"y":123.04}],"slots":[{"name":"starchallenge_giftbox_1_bottom","bone":"starchallenge_giftbox_1_bottom","attachment":"starchallenge_giftbox_1_bottom"},{"name":"starchallenge_giftbox_1_cover","bone":"starchallenge_giftbox_1_cover","attachment":"starchallenge_giftbox_1_cover"}],"skins":[{"name":"default","attachments":{"starchallenge_giftbox_1_bottom":{"starchallenge_giftbox_1_bottom":{"x":85.19,"y":-9.99,"rotation":-91,"width":223,"height":199}},"starchallenge_giftbox_1_cover":{"starchallenge_giftbox_1_cover":{"x":78.41,"y":-3.67,"rotation":-90.95,"width":267,"height":195}}}}],"events":{"coin":{}},"animations":{"animation":{"bones":{"starchallenge_giftbox_1_bottom":{"translate":[{"time":0.2,"curve":[0.244,0,0.289,0,0.244,0,0.289,20.41]},{"time":0.3333,"y":20.41,"curve":[0.4,0,0.467,0,0.4,20.41,0.467,0]},{"time":0.5333}],"scale":[{"curve":[0.067,0.914,0.133,0.706,0.067,1.034,0.133,1.143]},{"time":0.2,"x":0.706,"y":1.143,"curve":[0.244,0.706,0.289,0.995,0.244,1.143,0.289,0.983]},{"time":0.3333,"x":1.081,"y":0.948,"curve":[0.4,1.21,0.467,1,0.4,0.897,0.467,1]},{"time":0.5333}]},"starchallenge_giftbox_1_cover":{"rotate":[{"time":0.2333,"curve":[0.278,-3.83,0.322,-1.6]},{"time":0.3667,"value":-11.48,"curve":[0.422,-23.83,0.478,-48.29]},{"time":0.5333,"value":-66.69}],"translate":[{"curve":[0.078,0,0.156,0,0.078,-4.8,0.156,-14.39]},{"time":0.2333,"y":-14.39,"curve":[0.278,0,0.322,29.04,0.278,-14.39,0.322,106.95]},{"time":0.3667,"x":44.18,"y":106.95,"curve":[0.422,63.11,0.478,102.21,0.422,106.95,0.478,-16.91]},{"time":0.5333,"x":102.21,"y":-16.91,"curve":[0.578,102.21,0.622,98.46,0.578,-16.91,0.622,-7.54]},{"time":0.6667,"x":96.59,"y":-4.11}],"scale":[{"curve":[0.078,0.914,0.156,0.742,0.078,1.034,0.156,1.102]},{"time":0.2333,"x":0.742,"y":1.102,"curve":[0.278,0.742,0.322,1,0.278,1.102,0.322,1.03]},{"time":0.3667,"curve":[0.422,1,0.478,1,0.422,0.963,0.478,0.9]},{"time":0.5333,"y":0.9,"curve":[0.578,1,0.622,1,0.578,0.9,0.622,0.967]},{"time":0.6667}]},"root":{"rotate":[{"time":1}]}},"events":[{"time":0.6667,"name":"coin"}]}}}