{"skeleton":{"hash":"TffBAvNgqz0","spine":"4.2.33","x":-133,"y":1,"width":267,"height":298,"images":"./images/","audio":"./audio"},"bones":[{"name":"root","color":"9b9b9b00"},{"name":"starchallenge_giftbox_1_bottom","parent":"root","length":118.19,"rotation":91,"x":-7.01,"y":15.15},{"name":"starchallenge_giftbox_1_cover","parent":"root","length":124.35,"rotation":90.95,"x":-1.87,"y":123.04}],"slots":[{"name":"starchallenge_giftbox_1_bottom","bone":"starchallenge_giftbox_1_bottom","attachment":"starchallenge_giftbox_1_bottom"},{"name":"starchallenge_giftbox_1_cover","bone":"starchallenge_giftbox_1_cover","attachment":"starchallenge_giftbox_1_cover"}],"skins":[{"name":"default","attachments":{"starchallenge_giftbox_1_bottom":{"starchallenge_giftbox_1_bottom":{"x":85.19,"y":-9.99,"rotation":-91,"width":223,"height":199}},"starchallenge_giftbox_1_cover":{"starchallenge_giftbox_1_cover":{"x":78.41,"y":-3.67,"rotation":-90.95,"width":267,"height":195}}}}],"events":{"coin":{}},"animations":{"animation":{"slots":{"starchallenge_giftbox_1_bottom":{"rgba":[{"time":0.6667,"color":"ffffffff"},{"time":0.8333,"color":"ffffff00"}]},"starchallenge_giftbox_1_cover":{"rgba":[{"time":0.6667,"color":"ffffffff"},{"time":0.8333,"color":"ffffff00"}]}},"bones":{"starchallenge_giftbox_1_bottom":{"translate":[{"time":0.2,"curve":[0.244,0,0.289,0,0.244,0,0.289,20.41]},{"time":0.3333,"y":20.41,"curve":[0.4,0,0.467,0,0.4,20.41,0.467,0]},{"time":0.5333}],"scale":[{"curve":[0.067,0.914,0.133,0.706,0.067,1.034,0.133,1.143]},{"time":0.2,"x":0.706,"y":1.143,"curve":[0.244,0.706,0.289,0.995,0.244,1.143,0.289,0.983]},{"time":0.3333,"x":1.081,"y":0.948,"curve":[0.4,1.21,0.467,1,0.4,0.897,0.467,1]},{"time":0.5333}]},"starchallenge_giftbox_1_cover":{"translate":[{"curve":[0.078,0,0.156,0.39,0.078,0,0.156,-23.67]},{"time":0.2333,"x":0.39,"y":-23.67,"curve":[0.378,0.39,0.523,-7.39,0.378,-23.67,0.172,443.56]},{"time":0.6667,"x":-7.41,"y":448.51},{"time":1,"x":-6.43,"y":389.09}],"scale":[{"curve":[0.078,0.914,0.156,0.742,0.078,1.034,0.156,1.102]},{"time":0.2333,"x":0.742,"y":1.102,"curve":[0.278,0.742,0.322,1,0.278,1.102,0.322,1.03]},{"time":0.3667,"curve":[0.422,1,0.478,1,0.422,0.963,0.478,0.9]},{"time":0.5333,"y":0.9,"curve":[0.578,1,0.622,1,0.578,0.9,0.622,0.967]},{"time":0.6667}]}},"events":[{"time":0.6667,"name":"coin"}]},"daiji":{"bones":{"starchallenge_giftbox_1_cover":{"translate":[{"curve":[0.111,0,0.222,0.48,0.111,0,0.222,-28.99]},{"time":0.3333,"x":0.48,"y":-28.99,"curve":[0.444,0.48,0.556,0,0.444,-28.99,0.556,0]},{"time":0.6667}],"scale":[{"curve":[0.111,1,0.222,0.8,0.111,1,0.222,1.1]},{"time":0.3333,"x":0.8,"y":1.1,"curve":[0.444,0.8,0.556,1,0.444,1.1,0.556,1]},{"time":0.6667}]},"starchallenge_giftbox_1_bottom":{"scale":[{"curve":[0.111,1,0.222,0.7,0.111,1,0.222,1.1]},{"time":0.3333,"x":0.7,"y":1.1,"curve":[0.444,0.7,0.556,1,0.444,1.1,0.556,1]},{"time":0.6667}]}}}}}