{"BoardSize":{"x":9,"y":14,"magnitude":16.6433163,"sqrMagnitude":277},"BlockDatas":[[{"Location":[0,0],"BlockType":0,"Cross":0},{"Location":[0,1],"BlockType":0,"Cross":0},{"Location":[0,2],"BlockType":1,"Cross":1},{"Location":[0,3],"BlockType":0,"Cross":0},{"Location":[0,4],"BlockType":0,"Cross":0},{"Location":[0,5],"BlockType":0,"Cross":0},{"Location":[0,6],"BlockType":0,"Cross":0},{"Location":[0,7],"BlockType":0,"Cross":0},{"Location":[0,8],"BlockType":0,"Cross":0},{"Location":[0,9],"BlockType":1,"Cross":1},{"Location":[0,10],"BlockType":0,"Cross":0},{"Location":[0,11],"BlockType":0,"Cross":0},{"Location":[0,12],"BlockType":0,"Cross":0},{"Location":[0,13],"BlockType":0,"Cross":0}],[{"Location":[1,0],"BlockType":0,"Cross":0},{"Location":[1,1],"BlockType":0,"Cross":0},{"Location":[1,2],"BlockType":1,"Cross":1},{"Location":[1,3],"BlockType":0,"Cross":0},{"Location":[1,4],"BlockType":0,"Cross":0},{"Location":[1,5],"BlockType":0,"Cross":0},{"Location":[1,6],"BlockType":0,"Cross":0},{"Location":[1,7],"BlockType":0,"Cross":0},{"Location":[1,8],"BlockType":0,"Cross":0},{"Location":[1,9],"BlockType":1,"Cross":1},{"Location":[1,10],"BlockType":0,"Cross":0},{"Location":[1,11],"BlockType":0,"Cross":0},{"Location":[1,12],"BlockType":0,"Cross":0},{"Location":[1,13],"BlockType":0,"Cross":0}],[{"Location":[2,0],"BlockType":0,"Cross":0},{"Location":[2,1],"BlockType":0,"Cross":0},{"Location":[2,2],"BlockType":1,"Cross":2},{"Location":[2,3],"BlockType":1,"Cross":1},{"Location":[2,4],"BlockType":1,"Cross":1},{"Location":[2,5],"BlockType":1,"Cross":2},{"Location":[2,6],"BlockType":1,"Cross":2},{"Location":[2,7],"BlockType":1,"Cross":1},{"Location":[2,8],"BlockType":1,"Cross":1},{"Location":[2,9],"BlockType":1,"Cross":2},{"Location":[2,10],"BlockType":0,"Cross":0},{"Location":[2,11],"BlockType":0,"Cross":0},{"Location":[2,12],"BlockType":0,"Cross":0},{"Location":[2,13],"BlockType":0,"Cross":0}],[{"Location":[3,0],"BlockType":0,"Cross":0},{"Location":[3,1],"BlockType":0,"Cross":0},{"Location":[3,2],"BlockType":1,"Cross":1},{"Location":[3,3],"BlockType":0,"Cross":0},{"Location":[3,4],"BlockType":0,"Cross":0},{"Location":[3,5],"BlockType":1,"Cross":1},{"Location":[3,6],"BlockType":1,"Cross":1},{"Location":[3,7],"BlockType":0,"Cross":0},{"Location":[3,8],"BlockType":0,"Cross":0},{"Location":[3,9],"BlockType":1,"Cross":1},{"Location":[3,10],"BlockType":0,"Cross":0},{"Location":[3,11],"BlockType":0,"Cross":0},{"Location":[3,12],"BlockType":0,"Cross":0},{"Location":[3,13],"BlockType":0,"Cross":0}],[{"Location":[4,0],"BlockType":0,"Cross":0},{"Location":[4,1],"BlockType":0,"Cross":0},{"Location":[4,2],"BlockType":1,"Cross":1},{"Location":[4,3],"BlockType":0,"Cross":0},{"Location":[4,4],"BlockType":0,"Cross":0},{"Location":[4,5],"BlockType":1,"Cross":1},{"Location":[4,6],"BlockType":1,"Cross":1},{"Location":[4,7],"BlockType":0,"Cross":0},{"Location":[4,8],"BlockType":0,"Cross":0},{"Location":[4,9],"BlockType":1,"Cross":1},{"Location":[4,10],"BlockType":0,"Cross":0},{"Location":[4,11],"BlockType":0,"Cross":0},{"Location":[4,12],"BlockType":0,"Cross":0},{"Location":[4,13],"BlockType":0,"Cross":0}],[{"Location":[5,0],"BlockType":0,"Cross":0},{"Location":[5,1],"BlockType":0,"Cross":0},{"Location":[5,2],"BlockType":1,"Cross":1},{"Location":[5,3],"BlockType":0,"Cross":0},{"Location":[5,4],"BlockType":0,"Cross":0},{"Location":[5,5],"BlockType":1,"Cross":1},{"Location":[5,6],"BlockType":1,"Cross":1},{"Location":[5,7],"BlockType":0,"Cross":0},{"Location":[5,8],"BlockType":0,"Cross":0},{"Location":[5,9],"BlockType":1,"Cross":1},{"Location":[5,10],"BlockType":0,"Cross":0},{"Location":[5,11],"BlockType":0,"Cross":0},{"Location":[5,12],"BlockType":0,"Cross":0},{"Location":[5,13],"BlockType":0,"Cross":0}],[{"Location":[6,0],"BlockType":1,"Cross":1},{"Location":[6,1],"BlockType":1,"Cross":1},{"Location":[6,2],"BlockType":1,"Cross":2},{"Location":[6,3],"BlockType":1,"Cross":1},{"Location":[6,4],"BlockType":1,"Cross":1},{"Location":[6,5],"BlockType":1,"Cross":2},{"Location":[6,6],"BlockType":1,"Cross":2},{"Location":[6,7],"BlockType":1,"Cross":1},{"Location":[6,8],"BlockType":1,"Cross":1},{"Location":[6,9],"BlockType":1,"Cross":2},{"Location":[6,10],"BlockType":1,"Cross":1},{"Location":[6,11],"BlockType":1,"Cross":1},{"Location":[6,12],"BlockType":1,"Cross":1},{"Location":[6,13],"BlockType":1,"Cross":1}],[{"Location":[7,0],"BlockType":0,"Cross":0},{"Location":[7,1],"BlockType":0,"Cross":0},{"Location":[7,2],"BlockType":1,"Cross":1},{"Location":[7,3],"BlockType":0,"Cross":0},{"Location":[7,4],"BlockType":0,"Cross":0},{"Location":[7,5],"BlockType":1,"Cross":1},{"Location":[7,6],"BlockType":1,"Cross":1},{"Location":[7,7],"BlockType":0,"Cross":0},{"Location":[7,8],"BlockType":0,"Cross":0},{"Location":[7,9],"BlockType":1,"Cross":1},{"Location":[7,10],"BlockType":0,"Cross":0},{"Location":[7,11],"BlockType":0,"Cross":0},{"Location":[7,12],"BlockType":0,"Cross":0},{"Location":[7,13],"BlockType":0,"Cross":0}],[{"Location":[8,0],"BlockType":0,"Cross":0},{"Location":[8,1],"BlockType":0,"Cross":0},{"Location":[8,2],"BlockType":1,"Cross":1},{"Location":[8,3],"BlockType":0,"Cross":0},{"Location":[8,4],"BlockType":0,"Cross":0},{"Location":[8,5],"BlockType":1,"Cross":1},{"Location":[8,6],"BlockType":1,"Cross":1},{"Location":[8,7],"BlockType":0,"Cross":0},{"Location":[8,8],"BlockType":0,"Cross":0},{"Location":[8,9],"BlockType":1,"Cross":1},{"Location":[8,10],"BlockType":2,"Cross":0},{"Location":[8,11],"BlockType":0,"Cross":0},{"Location":[8,12],"BlockType":0,"Cross":0},{"Location":[8,13],"BlockType":0,"Cross":0}]],"RoadTemplates":[{"RoadBlocks":[[2,2],[2,3],[2,4],[2,5],[2,6],[2,7],[2,8],[2,9]],"IsDoubleRoad":false,"LineIndex":2,"Axis":2},{"RoadBlocks":[[6,0],[6,1],[6,2],[6,3],[6,4],[6,5],[6,6],[6,7],[6,8],[6,9],[6,10],[6,11],[6,12],[6,13]],"IsDoubleRoad":false,"LineIndex":6,"Axis":2},{"RoadBlocks":[[0,2],[1,2],[2,2],[3,2],[4,2],[5,2],[6,2],[7,2],[8,2]],"IsDoubleRoad":false,"LineIndex":2,"Axis":1},{"RoadBlocks":[[2,5],[3,5],[4,5],[5,5],[6,5],[7,5],[8,5]],"IsDoubleRoad":false,"LineIndex":5,"Axis":1},{"RoadBlocks":[[0,9],[1,9],[2,9],[3,9],[4,9],[5,9],[6,9],[7,9],[8,9]],"IsDoubleRoad":false,"LineIndex":9,"Axis":1},{"RoadBlocks":[[2,6],[3,6],[4,6],[5,6],[6,6],[7,6],[8,6]],"IsDoubleRoad":false,"LineIndex":6,"Axis":1}],"CarDatas":[{"Location":[1,2],"Speed":0.0,"SelfForward":3,"Length":2,"MoveType":5},{"Location":[7,2],"Speed":0.0,"SelfForward":2,"Length":2,"MoveType":3},{"Location":[6,1],"Speed":0.0,"SelfForward":0,"Length":2,"MoveType":1},{"Location":[2,4],"Speed":0.0,"SelfForward":0,"Length":2,"MoveType":3},{"Location":[3,2],"Speed":0.0,"SelfForward":2,"Length":2,"MoveType":4},{"Location":[1,9],"Speed":0.0,"SelfForward":3,"Length":2,"MoveType":2},{"Location":[2,7],"Speed":0.0,"SelfForward":1,"Length":2,"MoveType":2},{"Location":[6,4],"Speed":0.0,"SelfForward":0,"Length":2,"MoveType":3},{"Location":[4,5],"Speed":0.0,"SelfForward":3,"Length":2,"MoveType":2},{"Location":[3,9],"Speed":0.0,"SelfForward":2,"Length":2,"MoveType":5},{"Location":[5,6],"Speed":0.0,"SelfForward":3,"Length":2,"MoveType":1},{"Location":[7,5],"Speed":0.0,"SelfForward":2,"Length":2,"MoveType":3},{"Location":[7,9],"Speed":0.0,"SelfForward":3,"Length":2,"MoveType":1},{"Location":[7,6],"Speed":0.0,"SelfForward":2,"Length":2,"MoveType":4},{"Location":[6,8],"Speed":0.0,"SelfForward":0,"Length":2,"MoveType":3},{"Location":[6,10],"Speed":0.0,"SelfForward":1,"Length":2,"MoveType":2}],"TrafficLightTemplates":[{"Location":[8,10],"SelfForward":1}],"SideWalkTemplates":[],"StoneForkliftDatas":[]}