{"BoardSize":{"x":7,"y":14,"magnitude":15.6524763,"sqrMagnitude":245},"BlockDatas":[[{"Location":[0,0],"BlockType":0,"Cross":0},{"Location":[0,1],"BlockType":3,"Cross":0},{"Location":[0,2],"BlockType":3,"Cross":1},{"Location":[0,3],"BlockType":3,"Cross":0},{"Location":[0,4],"BlockType":0,"Cross":0},{"Location":[0,5],"BlockType":0,"Cross":0},{"Location":[0,6],"BlockType":0,"Cross":0},{"Location":[0,7],"BlockType":0,"Cross":0},{"Location":[0,8],"BlockType":0,"Cross":0},{"Location":[0,9],"BlockType":0,"Cross":0},{"Location":[0,10],"BlockType":0,"Cross":0},{"Location":[0,11],"BlockType":0,"Cross":0},{"Location":[0,12],"BlockType":0,"Cross":0},{"Location":[0,13],"BlockType":0,"Cross":0}],[{"Location":[1,0],"BlockType":0,"Cross":0},{"Location":[1,1],"BlockType":0,"Cross":0},{"Location":[1,2],"BlockType":1,"Cross":2},{"Location":[1,3],"BlockType":1,"Cross":1},{"Location":[1,4],"BlockType":1,"Cross":1},{"Location":[1,5],"BlockType":1,"Cross":1},{"Location":[1,6],"BlockType":1,"Cross":1},{"Location":[1,7],"BlockType":1,"Cross":1},{"Location":[1,8],"BlockType":1,"Cross":1},{"Location":[1,9],"BlockType":1,"Cross":1},{"Location":[1,10],"BlockType":1,"Cross":1},{"Location":[1,11],"BlockType":1,"Cross":1},{"Location":[1,12],"BlockType":1,"Cross":2},{"Location":[1,13],"BlockType":1,"Cross":1}],[{"Location":[2,0],"BlockType":0,"Cross":0},{"Location":[2,1],"BlockType":0,"Cross":0},{"Location":[2,2],"BlockType":1,"Cross":1},{"Location":[2,3],"BlockType":0,"Cross":0},{"Location":[2,4],"BlockType":0,"Cross":0},{"Location":[2,5],"BlockType":0,"Cross":0},{"Location":[2,6],"BlockType":0,"Cross":0},{"Location":[2,7],"BlockType":0,"Cross":0},{"Location":[2,8],"BlockType":0,"Cross":0},{"Location":[2,9],"BlockType":0,"Cross":0},{"Location":[2,10],"BlockType":0,"Cross":0},{"Location":[2,11],"BlockType":0,"Cross":0},{"Location":[2,12],"BlockType":1,"Cross":1},{"Location":[2,13],"BlockType":0,"Cross":0}],[{"Location":[3,0],"BlockType":0,"Cross":0},{"Location":[3,1],"BlockType":0,"Cross":0},{"Location":[3,2],"BlockType":1,"Cross":1},{"Location":[3,3],"BlockType":0,"Cross":0},{"Location":[3,4],"BlockType":0,"Cross":0},{"Location":[3,5],"BlockType":0,"Cross":0},{"Location":[3,6],"BlockType":0,"Cross":0},{"Location":[3,7],"BlockType":0,"Cross":0},{"Location":[3,8],"BlockType":0,"Cross":0},{"Location":[3,9],"BlockType":0,"Cross":0},{"Location":[3,10],"BlockType":0,"Cross":0},{"Location":[3,11],"BlockType":0,"Cross":0},{"Location":[3,12],"BlockType":1,"Cross":1},{"Location":[3,13],"BlockType":0,"Cross":0}],[{"Location":[4,0],"BlockType":0,"Cross":0},{"Location":[4,1],"BlockType":0,"Cross":0},{"Location":[4,2],"BlockType":1,"Cross":1},{"Location":[4,3],"BlockType":0,"Cross":0},{"Location":[4,4],"BlockType":0,"Cross":0},{"Location":[4,5],"BlockType":0,"Cross":0},{"Location":[4,6],"BlockType":0,"Cross":0},{"Location":[4,7],"BlockType":0,"Cross":0},{"Location":[4,8],"BlockType":0,"Cross":0},{"Location":[4,9],"BlockType":0,"Cross":0},{"Location":[4,10],"BlockType":0,"Cross":0},{"Location":[4,11],"BlockType":0,"Cross":0},{"Location":[4,12],"BlockType":1,"Cross":1},{"Location":[4,13],"BlockType":0,"Cross":0}],[{"Location":[5,0],"BlockType":1,"Cross":1},{"Location":[5,1],"BlockType":1,"Cross":1},{"Location":[5,2],"BlockType":1,"Cross":2},{"Location":[5,3],"BlockType":1,"Cross":1},{"Location":[5,4],"BlockType":1,"Cross":1},{"Location":[5,5],"BlockType":1,"Cross":1},{"Location":[5,6],"BlockType":1,"Cross":1},{"Location":[5,7],"BlockType":1,"Cross":1},{"Location":[5,8],"BlockType":1,"Cross":1},{"Location":[5,9],"BlockType":1,"Cross":1},{"Location":[5,10],"BlockType":1,"Cross":1},{"Location":[5,11],"BlockType":1,"Cross":1},{"Location":[5,12],"BlockType":1,"Cross":2},{"Location":[5,13],"BlockType":1,"Cross":1}],[{"Location":[6,0],"BlockType":0,"Cross":0},{"Location":[6,1],"BlockType":0,"Cross":0},{"Location":[6,2],"BlockType":0,"Cross":0},{"Location":[6,3],"BlockType":0,"Cross":0},{"Location":[6,4],"BlockType":0,"Cross":0},{"Location":[6,5],"BlockType":0,"Cross":0},{"Location":[6,6],"BlockType":0,"Cross":0},{"Location":[6,7],"BlockType":0,"Cross":0},{"Location":[6,8],"BlockType":0,"Cross":0},{"Location":[6,9],"BlockType":0,"Cross":0},{"Location":[6,10],"BlockType":0,"Cross":0},{"Location":[6,11],"BlockType":0,"Cross":0},{"Location":[6,12],"BlockType":1,"Cross":1},{"Location":[6,13],"BlockType":0,"Cross":0}]],"RoadTemplates":[{"RoadBlocks":[[1,2],[1,3],[1,4],[1,5],[1,6],[1,7],[1,8],[1,9],[1,10],[1,11],[1,12],[1,13]],"IsDoubleRoad":false,"LineIndex":1,"Axis":2},{"RoadBlocks":[[5,0],[5,1],[5,2],[5,3],[5,4],[5,5],[5,6],[5,7],[5,8],[5,9],[5,10],[5,11],[5,12],[5,13]],"IsDoubleRoad":false,"LineIndex":5,"Axis":2},{"RoadBlocks":[[0,2],[1,2],[2,2],[3,2],[4,2],[5,2]],"IsDoubleRoad":false,"LineIndex":2,"Axis":1},{"RoadBlocks":[[1,12],[2,12],[3,12],[4,12],[5,12],[6,12]],"IsDoubleRoad":false,"LineIndex":12,"Axis":1}],"CarDatas":[{"Location":[1,3],"Speed":0.0,"SelfForward":1,"Length":2,"MoveType":3},{"Location":[2,2],"Speed":0.0,"SelfForward":2,"Length":2,"MoveType":4},{"Location":[1,6],"Speed":0.0,"SelfForward":0,"Length":2,"MoveType":3},{"Location":[1,8],"Speed":0.0,"SelfForward":0,"Length":2,"MoveType":1},{"Location":[2,12],"Speed":0.0,"SelfForward":2,"Length":2,"MoveType":3},{"Location":[5,10],"Speed":0.0,"SelfForward":0,"Length":2,"MoveType":1},{"Location":[5,1],"Speed":0.0,"SelfForward":0,"Length":2,"MoveType":2},{"Location":[1,12],"Speed":0.0,"SelfForward":0,"Length":2,"MoveType":1},{"Location":[4,2],"Speed":0.0,"SelfForward":2,"Length":2,"MoveType":1},{"Location":[5,3],"Speed":0.0,"SelfForward":1,"Length":2,"MoveType":4},{"Location":[5,7],"Speed":0.0,"SelfForward":0,"Length":2,"MoveType":1},{"Location":[1,10],"Speed":0.0,"SelfForward":0,"Length":2,"MoveType":1},{"Location":[5,12],"Speed":0.0,"SelfForward":0,"Length":2,"MoveType":1}],"TrafficLightTemplates":[],"SideWalkTemplates":[{"Locations":[0,3,0,2,0,1]}],"StoneForkliftDatas":[]}